feature,coefficient,importance
instagram_spend_saturated,63218.12814284133,63218.12814284133
average_price,-42919.49216570385,42919.49216570385
google_spend_saturated,-8900.73326379309,8900.73326379309
tiktok_spend_saturated,-5299.625923843645,5299.625923843645
facebook_spend_saturated,-1886.5456454315565,1886.5456454315565
snapchat_spend_saturated,-1606.0895132656635,1606.0895132656635
promotions,-913.1660778880126,913.1660778880126
