channel,total_spend,revenue_impact,roi
instagram_spend,106011.66,5701394.696871334,53.780826532395906
facebook_spend,556015.4600000001,-474106.02835708694,-0.8526849745456482
snapchat_spend,77736.35999999999,-125831.35136349112,-1.6186936378741061
tiktok_spend,99385.75,-472663.58351084864,-4.755848635351131
google_spend,160562.11,-1100912.668123547,-6.856615599555506
